model,MRR,Hits@1,Hits@3,Hits@10
TransE,0.7840692726750534,0.7103827948137477,0.8304692323523358,0.9300267544762296
DistMult,0.8661549739849397,0.8261988063387529,0.8939082115661658,0.9362008643753859
R-GCN,0.6791402938170014,0.5990430129656308,0.7162996501337724,0.8440008232146532
