model,MRR,Hits@1,Hits@3,Hits@10
R-GCN bases=2 neg=5 fixed,0.7083857358052522,0.6628721541155866,0.7256275539988325,0.7936368943374197
DistMult,0.6647935685673506,0.617338003502627,0.6865148861646234,0.7486865148861647
TransE,0.6309041066807476,0.5878575598365441,0.6395213076474022,0.7238762405137186
